Date,Open,High,Low,Close,Volume,Change
2023-12-22,17825,17895,17595,17595,9938908,0.005141388174807249
2023-12-26,17790,17840,17570,17720,9656740,0.007104290991759132
2023-12-27,17820,18130,17740,18130,13445833,0.023137697516929956
2023-12-28,18160,18705,18085,18705,14383818,0.031715388858245985
2024-01-02,18450,19105,18415,18985,14759657,0.014969259556268488
2024-01-03,18485,18500,17915,17915,17371540,-0.05636028443508034
2024-01-04,17610,17870,17470,17590,19681113,-0.018141222439296723
2024-01-05,17570,17655,17410,17490,15352184,-0.005685048322910724
2024-01-08,17635,17735,17310,17365,18168536,-0.007146941109205218
2024-01-09,17780,17840,17115,17230,29242098,-0.00777425856608116
2024-01-10,17230,17285,16810,16860,19333802,-0.021474172954149773
2024-01-11,16890,17100,16785,16950,21265446,0.005338078291814874
2024-01-12,16785,16920,16520,16590,23764085,-0.0212389380530974
2024-01-15,16660,16850,16585,16720,17103272,0.007836045810729386
2024-01-16,16550,16650,16210,16260,25386965,-0.027511961722488043
2024-01-17,16395,16430,15460,15480,43672978,-0.047970479704797064
2024-01-18,15550,15720,15400,15615,26990217,0.008720930232558155
2024-01-19,15955,16120,15890,16065,28232360,0.028818443804034644
2024-01-22,16400,16405,16100,16100,23689477,0.002178649237472685
2024-01-23,16230,16315,16050,16270,23702694,0.010559006211180222
2024-01-24,16270,16270,15875,16120,21698811,-0.009219422249538978
2024-01-25,16145,16215,15970,16145,17289973,0.0015508684863523303
2024-01-26,15945,16520,15870,16170,18912545,0.0015484670176524329
2024-01-29,16290,16735,16215,16525,24930526,0.02195423623995052
2024-01-30,16725,16825,16405,16495,21067976,-0.0018154311649016819
2024-01-31,16240,16410,16200,16305,12330315,-0.011518642012731117
2024-02-01,16255,16890,16250,16840,23762254,0.032812020852499124
2024-02-02,17000,17985,17000,17910,42509126,0.06353919239904982
2024-02-05,17795,17820,17055,17505,30622667,-0.022613065326633208
2024-02-06,17330,17645,17145,17365,24181930,-0.007997714938589029
2024-02-07,17545,18115,17515,17855,25754923,0.028217679239850302
2024-02-08,17975,18145,17840,17905,21838745,0.0028003360403248134
2024-02-13,18200,18515,18180,18280,21107582,0.020943870427254874
2024-02-14,17730,17945,17630,17815,24636889,-0.025437636761487914
2024-02-15,18190,18220,17740,17775,16347333,-0.0022452989054168038
2024-02-16,18030,18140,17845,18125,17703042,0.019690576652601877
2024-02-19,18200,18740,18195,18675,20951344,0.030344827586206824
2024-02-20,18590,18595,18035,18225,20972985,-0.02409638554216864
2024-02-21,18260,18475,18030,18140,24367274,-0.004663923182441687
2024-02-22,18470,18510,18190,18345,20348205,0.011300992282249123
2024-02-23,18610,18870,18390,18440,32994773,0.005178522758244819
2024-02-26,18250,18295,17835,18135,21005461,-0.016540130151843857
2024-02-27,18100,18235,17790,17815,27398656,-0.017645437000275765
2024-02-28,17935,18370,17825,18270,18474284,0.025540275049115824
2024-02-29,18095,18260,17925,18155,17173626,-0.006294471811713165
2024-03-04,18505,18860,18460,18670,21855534,0.028366841090608608
2024-03-05,18520,18870,18340,18340,13827173,-0.01767541510444559
2024-03-06,18160,18295,18045,18225,16171409,-0.006270447110141797
2024-03-07,18380,18490,18080,18250,20628002,0.00137174211248281
2024-03-08,18700,18895,18625,18765,22681185,0.028219178082191876
2024-03-11,18525,18670,18390,18445,17610341,-0.017053024247268844
2024-03-12,18545,18820,18370,18745,17169303,0.01626457034426676
2024-03-13,18900,19060,18740,18900,19591542,0.008268871699119718
2024-03-14,18995,19275,18980,19265,16586280,0.01931216931216939
2024-03-15,18990,19025,18545,18545,21919941,-0.03737347521411882
2024-03-18,18650,18760,18420,18740,16472723,0.010514963602049177
2024-03-19,18490,18490,18105,18305,26973266,-0.02321237993596581
2024-03-20,18555,18945,18555,18925,22788610,0.03387052717836658
2024-03-21,19600,20045,19535,19980,24239807,0.055746367239101646
2024-03-22,19945,20190,19705,19865,15501214,-0.005755755755755709
2024-03-25,20010,20165,19620,19735,14504432,-0.0065441731688899996
2024-03-26,20050,20500,19995,20100,20869890,0.01849505953889019
2024-03-27,19885,20220,19835,20095,10663453,-0.00024875621890552146
2024-03-28,20060,20280,19975,20085,11940232,-0.0004976362279174307
2024-03-29,20280,20370,20015,20210,12879973,0.006223549912870219
2024-04-01,20610,20635,20235,20240,13869594,0.0014844136566056765
2024-04-02,20180,20530,20105,20370,14989521,0.006422924901185789
2024-04-03,20050,20100,19710,19720,13122139,-0.031909671084928815
2024-04-04,20200,20340,20085,20315,14100932,0.030172413793103425
2024-04-05,19855,20130,19700,19860,13215637,-0.02239724341619498
2024-04-08,19945,20100,19830,20020,9711765,0.00805639476334341
2024-04-09,20205,20310,19715,19775,14243993,-0.012237762237762184
2024-04-11,19120,19905,19060,19745,14428943,-0.001517067003792616
2024-04-12,19720,19770,19305,19345,14589633,-0.020258293238794578
2024-04-15,19075,19165,18675,19155,20407082,-0.009821659343499656
2024-04-16,18700,18775,18080,18255,29862678,-0.04698512137823019
2024-04-17,18350,18435,17855,17875,25765950,-0.020816214735688843
2024-04-18,17985,18545,17905,18495,20265108,0.03468531468531477
2024-04-19,18015,18025,17265,17775,52999229,-0.038929440389294356
2024-04-22,18110,18330,17930,18255,29228860,0.02700421940928277
2024-04-23,18280,18405,18120,18200,24381242,-0.003012873185428644
2024-04-24,18750,18965,18730,18880,25784960,0.03736263736263745
2024-04-25,18400,18550,18210,18220,21971418,-0.03495762711864403
2024-04-26,18560,18730,18375,18605,26481580,0.02113062568605928
2024-04-29,18875,19005,18770,18970,19272606,0.019618382155334624
2024-04-30,18980,19335,18910,19080,20045562,0.00579862941486553
2024-05-02,18800,19055,18775,18940,12241860,-0.007337526205450695
2024-05-03,19340,19370,18910,18935,16894333,-0.000263991552270304
2024-05-07,19555,19835,19550,19805,15497632,0.04594665962503308
2024-05-08,19800,19985,19725,19955,10574888,0.007573844988639333
2024-05-09,19945,20005,19435,19495,14595582,-0.023051866700075196
2024-05-10,19820,19960,19610,19680,13786733,0.009489612721210516
2024-05-13,19775,19870,19425,19580,13627184,-0.005081300813008172
2024-05-14,19685,19730,19545,19625,14352233,0.002298263534218581
2024-05-16,20340,20425,20020,20060,18267605,0.02216560509554144
2024-05-17,19975,20005,19570,19570,11566330,-0.024426719840478617
2024-05-20,19895,20140,19775,19895,14989481,0.016607051609606627
2024-05-21,19760,19850,19630,19680,11055657,-0.01080673536064336
2024-05-22,19605,19800,19335,19690,14671848,0.000508130081300795
2024-05-23,19610,19865,19380,19715,15737884,0.0012696800406297726
2024-05-24,19200,19200,18970,19065,18734620,-0.03296981993406034
2024-05-27,19155,19675,19075,19590,13846581,0.027537372147915073
2024-05-28,19475,19700,19410,19610,10473178,0.0010209290454312736
2024-05-29,19480,19570,18960,19030,17366288,-0.029576746557878675
2024-05-30,18705,18725,18310,18365,19877654,-0.03494482396216503
2024-05-31,18605,18725,18315,18375,15408397,0.0005445140212361199
2024-06-03,18580,19120,18560,18995,16439311,0.033741496598639564
2024-06-04,18725,18895,18620,18690,14035901,-0.016056857067649366
2024-06-05,19000,19175,18730,19070,15505798,0.02033172819689666
2024-06-07,19425,19725,19320,19580,17967371,0.02674357629785007
2024-06-10,19120,19440,19005,19235,14586766,-0.01762002042900923
2024-06-11,19295,19335,19050,19245,14492266,0.000519885625162475
2024-06-12,19210,19590,19170,19575,12440917,0.017147310989867437
2024-06-13,20080,20295,19895,19895,21775636,0.016347381864623145
2024-06-14,19860,20110,19790,19970,12560000,0.0037697914048755443
2024-06-17,19840,19940,19680,19765,11548048,-0.010265398097145773
2024-06-18,20025,20230,19915,20145,11421243,0.01922590437642291
2024-06-19,20500,20800,20500,20795,13082447,0.032266070985356166
2024-06-20,20750,21050,20685,20950,10522339,0.007453714835296887
2024-06-21,20620,20695,20360,20555,10230019,-0.018854415274462966
2024-06-24,20275,20380,20080,20245,12429212,-0.015081488688883482
2024-06-25,20230,20460,20200,20380,8296421,0.006668313163744166
2024-06-26,20195,20680,20100,20680,11384942,0.014720314033366044
2024-06-27,20270,20650,20165,20640,12844999,-0.0019342359767892114
2024-06-28,20775,20885,20615,20880,10745410,0.011627906976744207
2024-07-01,20695,20980,20670,20950,11026384,0.0033524904214559115
2024-07-02,20730,20895,20520,20640,13380950,-0.01479713603818611
2024-07-03,20805,20825,20465,20815,14038053,0.008478682170542706
2024-07-04,21180,21380,21155,21380,10193960,0.02714388662022582
2024-07-05,21610,22350,21595,22190,18141519,0.03788587464920479
2024-07-08,22165,22280,22035,22040,9466410,-0.006759801712483138
2024-07-09,22305,22330,21930,22185,10616482,0.006578947368421018
2024-07-10,22025,22225,22000,22160,8209119,-0.0011268875366238218
2024-07-11,22525,22675,22315,22430,10175837,0.012184115523465655
2024-07-12,22055,22155,21615,21790,12797582,-0.028533214444939836
2024-07-15,22040,22080,21685,22075,10421207,0.013079394217530904
2024-07-16,21940,22240,21885,22095,10658846,0.0009060022650055899
2024-07-17,22100,22135,21695,21705,10710402,-0.017651052274270218
2024-07-18,21150,21365,20970,21365,14690804,-0.01566459341165627
2024-07-19,20870,20990,20580,20865,19045349,-0.023402761525860072
2024-07-22,20840,20880,20235,20450,20104952,-0.01988976755331895
2024-07-23,20750,20920,20475,20570,15411962,0.005867970660146771
2024-07-24,20250,20605,20125,20325,14597369,-0.01191054934370439
2024-07-25,19800,19850,19435,19585,25964822,-0.03640836408364079
2024-07-26,19685,19910,19575,19790,14505673,0.010467194281337688
2024-07-29,20025,20410,19930,20255,13238380,0.023496715512885347
2024-07-30,19790,19960,19720,19875,13790627,-0.01876079980251788
2024-07-31,19910,20420,19780,20420,16998874,0.02742138364779878
2024-08-01,20770,20810,20445,20490,18756692,0.00342801175318308
2024-08-02,19595,19610,18695,18845,32242985,-0.08028306490971204
2024-08-05,18030,18030,14640,15730,66255315,-0.16529583443884321
2024-08-06,16710,17150,15900,16350,57563760,0.03941513032422117
2024-08-07,16045,17375,16010,16975,42727701,0.03822629969418956
2024-08-08,16415,17000,16255,16715,36251972,-0.015316642120765778
2024-08-09,17355,17410,17040,17200,33800675,0.029015854023332288
2024-08-12,17450,17725,17370,17585,17492422,0.022383720930232665
2024-08-13,17705,17885,17535,17710,22102343,0.007108330963889742
2024-08-14,18135,18230,17925,18025,21841574,0.01778656126482203
2024-08-16,18780,18940,18660,18855,22438775,0.0460471567267684
2024-08-19,18960,18990,18375,18520,16564360,-0.017767170511800545
2024-08-20,18930,19055,18750,18870,15479919,0.018898488120950407
2024-08-21,18680,18905,18640,18825,11114565,-0.0023847376788552754
2024-08-22,18935,19000,18675,18865,15869187,0.002124833997343867
2024-08-23,18635,18990,18625,18855,12451353,-0.0005300821627352015
2024-08-26,18965,19000,18530,18635,15520616,-0.0116679925749138
2024-08-27,18595,18620,18365,18450,11408916,-0.009927555674805522
2024-08-28,18450,18520,18200,18520,13947447,0.003794037940379358
2024-08-29,17930,18150,17830,18015,17487205,-0.02726781857451399
2024-08-30,18225,18325,18070,18195,13439288,0.009991673605328932
2024-09-02,18200,18240,17765,18155,13707123,-0.002198406155537236
2024-09-03,18155,18320,17845,17865,13226530,-0.01597356100247871
2024-09-04,16785,17050,16550,16615,28855561,-0.06996921354603969
2024-09-05,16795,17050,16370,16560,21313402,-0.0033102618116159777
2024-09-06,16585,16585,16005,16250,24139075,-0.018719806763284996
2024-09-09,15655,16155,15470,16080,24159000,-0.010461538461538411
2024-09-10,16080,16125,15795,15890,16811017,-0.011815920398009938
2024-09-11,15835,15855,15345,15625,20804241,-0.016677155443675318
2024-09-12,16025,16340,15970,16340,18141988,0.04576000000000002
2024-09-13,16325,16530,16145,16370,16012508,0.001835985312117483
2024-09-19,16535,16585,15890,16325,29307939,-0.002748930971288921
2024-09-20,16690,16860,16415,16415,22855219,0.005513016845329233
2024-09-23,16470,16570,16365,16520,12342914,0.006396588486140775
2024-09-24,16675,16875,16415,16875,23225882,0.021489104116222846
2024-09-25,17170,17365,16430,16430,24729750,-0.026370370370370377
2024-09-26,16940,17495,16940,17495,25298004,0.06482045039561779
2024-09-27,17635,17805,17335,17335,18457956,-0.009145470134324096
2024-09-30,17570,17615,16570,16575,24522245,-0.043841938275165804
2024-10-02,16045,16505,15960,16155,23974194,-0.025339366515837125
2024-10-04,16190,16475,16005,16205,22509153,0.003095017022593627
2024-10-07,16285,16760,16025,16680,25749457,0.02931194075902499
2024-10-08,16415,16535,16265,16415,21109077,-0.01588729016786572
2024-10-10,16680,16730,16440,16500,20108455,0.005178190679256733
2024-10-11,16670,16830,16465,16500,20615492,0.0
2024-10-14,16555,17015,16550,16905,22693141,0.024545454545454648
2024-10-15,17090,17095,16815,17025,19494971,0.00709849157054121
2024-10-16,16555,16840,16465,16720,19515876,-0.017914831130690145
2024-10-17,16810,16840,16600,16770,20067929,0.0029904306220096544
2024-10-18,16830,16880,16420,16550,23455668,-0.013118664281455028
2024-10-21,16600,16805,16470,16655,13987916,0.006344410876133022
2024-10-22,16540,16560,16100,16185,21600908,-0.028219753827679384
2024-10-23,16205,16700,16070,16595,21533546,0.025332097621254324
2024-10-24,16395,16515,16245,16310,16399255,-0.017173847544441068
2024-10-25,16345,16625,16210,16315,16718782,0.0003065603923972926
2024-10-28,16355,16675,16335,16635,16449284,0.019613852283175026
2024-10-29,16560,16700,16385,16700,17394034,0.003907424105801027
2024-10-30,16570,16655,16310,16395,19370764,-0.0182634730538922
2024-10-31,16100,16230,15895,15970,23506073,-0.025922537358950892
2024-11-01,15725,15920,15625,15730,13138350,-0.015028177833437684
2024-11-04,15800,16265,15710,16240,19242739,0.0324221233312143
2024-11-05,15975,16195,15900,16075,14488232,-0.010160098522167482
2024-11-06,16235,16300,15730,15985,26436847,-0.005598755832037283
2024-11-07,15850,16190,15680,15995,21827352,0.0006255864873319084
2024-11-08,16270,16375,15850,15945,20473312,-0.003125976867771163
2024-11-11,15720,15750,15315,15445,19470010,-0.03135779241141423
2024-11-12,15295,15340,14740,14795,26344056,-0.04208481709291034
2024-11-13,14505,14705,13965,14005,30326026,-0.05339641770868542
2024-11-14,14055,14230,13845,13890,23942671,-0.008211353088182771
2024-11-15,13905,14260,13735,14090,22389907,0.014398848092152639
2024-11-18,14310,14960,14310,14720,23598219,0.04471256210078067
2024-11-19,14660,14890,14660,14835,14859277,0.0078125
2024-11-20,14775,14945,14700,14875,12272872,0.0026963262554768885
2024-11-21,14735,15080,14710,14930,11685226,0.00369747899159667
2024-11-22,15050,15310,15000,15170,15811271,0.016075016744809156
2024-11-25,15430,15650,15335,15530,15365674,0.02373104812129201
2024-11-26,15320,15455,15280,15410,11843375,-0.007726980038634923
2024-11-27,15325,15445,15095,15180,13309556,-0.014925373134328401
2024-11-28,15085,15230,15030,15095,12044847,-0.005599472990777343
2024-11-29,14975,14975,14335,14555,23684465,-0.035773434912222624
2024-12-02,14800,14870,14465,14580,18240833,0.00171762281003085
2024-12-03,14715,15075,14715,15035,16086102,0.031207133058984926
2024-12-04,14620,14830,14390,14620,29168131,-0.02760226139008981
2024-12-05,14630,14660,14275,14390,21522947,-0.015731874145006874
2024-12-06,14460,14585,13800,14245,30319003,-0.010076441973592809
2024-12-09,13830,13950,13515,13535,28284960,-0.049842049842049874
2024-12-10,13795,14130,13780,14090,16598724,0.04100480236424087
2024-12-11,13965,14370,13940,14350,14700178,0.018452803406671325
2024-12-12,14510,14845,14425,14800,25373283,0.03135888501742157
2024-12-13,14655,15025,14615,14900,17633851,0.006756756756756799
2024-12-16,15065,15180,14725,14795,15248302,-0.007046979865771852
2024-12-17,14745,14755,14395,14450,13628648,-0.023318688746198024
2024-12-18,14520,14930,14515,14860,13943927,0.02837370242214532
2024-12-19,14100,14325,14045,14185,21159313,-0.045423956931359366
2024-12-20,14020,14030,13570,13775,22961497,-0.028903771589707472
2024-12-23,13985,14310,13895,14230,18384688,0.033030852994555326
2024-12-24,14335,14375,14115,14230,12266727,0.0
2024-12-26,14330,14335,14045,14080,13820327,-0.01054111033028815
2024-12-27,13985,14140,13765,13995,15019619,-0.006036931818181768
2024-12-30,13905,14235,13800,13915,13783156,-0.005716327259735587
2025-01-02,13800,13915,13605,13830,20482441,-0.00610851598993889
2025-01-03,13835,14570,13810,14380,26629256,0.03976861894432404
2025-01-06,14480,15050,14410,14965,22626159,0.04068150208623078
2025-01-07,15255,15460,14985,15005,21620437,0.0026729034413632835
2025-01-08,14750,15440,14735,15285,23478853,0.0186604465178275
2025-01-09,15250,15555,15225,15265,19669768,-0.0013084723585213842
2025-01-10,15270,15420,15080,15230,11528964,-0.0022928267278087278
2025-01-13,15035,15135,14735,14825,15637805,-0.026592252133946115
2025-01-14,14965,14980,14705,14940,13761588,0.007757166947723437
2025-01-15,15060,15285,14825,14875,15336282,-0.004350736278447176
2025-01-16,15250,15420,15200,15310,16340699,0.02924369747899158
2025-01-17,15200,15325,15085,15240,11244472,-0.004572175048987548
2025-01-20,15365,15400,15130,15190,11234569,-0.0032808398950131545
2025-01-21,15360,15610,15040,15225,21213577,0.0023041474654377225
2025-01-22,15435,15655,15270,15580,19516118,0.02331691297208538
2025-01-23,15550,15550,15180,15220,14976128,-0.023106546854942178
2025-01-24,15300,15520,15245,15410,15646553,0.012483574244415152
2025-01-31,15085,15145,14850,15095,20762531,-0.0204412719013628
2025-02-03,14450,14465,14075,14275,26044503,-0.054322623385226865
2025-02-04,14590,15040,14525,14645,26685209,0.025919439579684678
2025-02-05,14930,15115,14875,14975,16330787,0.02253328781153985
2025-02-06,15195,15290,15035,15280,13118118,0.020367278797996713
2025-02-07,15290,15310,15035,15070,11266072,-0.013743455497382207
2025-02-10,14905,15190,14765,15120,13920373,0.0033178500331785266
2025-02-11,15265,15485,15175,15345,17072450,0.014880952380952328
2025-02-12,15270,15425,15125,15390,10295886,0.0029325513196480912
2025-02-13,15530,15715,15460,15700,12381826,0.020142949967511425
2025-02-14,15790,16035,15740,15900,14298890,0.01273885350318471
2025-02-17,15985,16140,15920,16120,11331044,0.01383647798742138
2025-02-18,16145,16395,16050,16350,16089954,0.014267990074441794
2025-02-19,16465,17145,16455,17010,22916256,0.04036697247706411
2025-02-20,16915,16960,16670,16720,12351065,-0.017048794826572622
2025-02-21,16745,16770,16515,16760,10899373,0.0023923444976077235
2025-02-24,16450,16530,16315,16530,13055036,-0.013723150357995206
2025-02-25,16120,16465,16105,16380,10758010,-0.00907441016333943
2025-02-26,16330,16620,16180,16530,12081902,0.009157509157509125
2025-02-27,16585,16585,16210,16360,14003235,-0.010284331518451317
2025-02-28,15920,15925,15200,15295,30262633,-0.06509779951100247
2025-03-04,15080,15425,14990,15205,18237391,-0.005884275907159231
2025-03-05,15430,15600,15180,15460,20950352,0.016770799079250276
2025-03-06,15600,15835,15545,15725,16763661,0.017141009055627432
2025-03-07,15475,15745,15290,15610,13224147,-0.007313195548489637
2025-03-10,15425,15755,15370,15680,8899427,0.004484304932735439
2025-03-11,14950,15400,14845,15350,26051991,-0.021045918367346927
2025-03-12,15400,15860,15300,15810,18158479,0.029967426710097778
2025-03-13,16010,16140,15590,15640,21272083,-0.010752688172043001
2025-03-14,15655,15895,15605,15805,12151253,0.01054987212276215
2025-03-17,16070,16470,16065,16410,17625597,0.03827902562480223
2025-03-18,16810,16920,16430,16505,17919062,0.0057891529555149646
2025-03-19,16520,16985,16520,16790,15591699,0.017267494698576247
2025-03-20,17030,17150,16850,17035,15716329,0.014592019058963679
2025-03-21,16910,17230,16865,17175,15180678,0.00821837393601399
2025-03-24,17020,17275,16935,17055,11135463,-0.006986899563318771
2025-03-25,17220,17260,16825,16895,14839205,-0.009381413075344458
2025-03-26,17025,17290,16915,17190,15007314,0.01746078721515243
2025-03-27,16880,17075,16730,16760,16349056,-0.025014543339150652
2025-03-28,16580,16595,16070,16205,26447089,-0.033114558472553735
2025-03-31,15640,15685,15245,15295,26227869,-0.056155507559395246
2025-04-01,15510,15865,15370,15765,25785941,0.030728996404053577
2025-04-02,15825,15825,15440,15570,15703090,-0.01236917221693623
2025-04-03,14750,15230,14580,15165,31738304,-0.026011560693641633
2025-04-04,14820,15440,14530,14900,58012617,-0.01747444774151008
2025-04-07,14000,14335,13070,13195,61515170,-0.11442953020134228
2025-04-08,13715,13735,13050,13165,45954156,-0.002273588480484978
2025-04-09,13075,13180,12570,12715,44928317,-0.03418154196733769
2025-04-10,13995,14265,13805,14260,43024031,0.1215100275265435
2025-04-11,13820,14180,13710,14175,26733986,-0.005960729312762925
2025-04-14,14300,14530,14265,14370,20460920,0.013756613756613856
2025-04-15,14450,14710,14435,14635,17719499,0.01844119693806534
2025-04-16,14485,14565,14160,14185,16456556,-0.03074820635462927
2025-04-17,14275,14515,14190,14480,15488370,0.020796616143813784
2025-04-18,14490,14660,14415,14650,12991230,0.011740331491712608
2025-04-21,14680,14835,14570,14695,15561447,0.0030716723549488734
2025-04-22,14585,14750,14545,14610,11925427,-0.005784280367471917
2025-04-23,15085,15175,14935,15155,20810772,0.03730321697467498
2025-04-24,15125,15185,14890,15080,18311427,-0.004948861761794765
2025-04-25,15385,15505,15260,15365,24467524,0.01889920424403191
2025-04-28,15390,15525,15330,15390,13675688,0.0016270745200130943
2025-04-29,15440,15750,15355,15590,16311600,0.01299545159194282
2025-04-30,15525,15700,15375,15550,15973578,-0.0025657472738934706
2025-05-02,15565,15680,15295,15550,15264588,0.0
2025-05-07,15880,15935,15605,15780,16031374,0.014790996784565857
2025-05-08,15860,16000,15800,15800,14837508,0.0012674271229404788
2025-05-09,15860,15945,15705,15800,13659598,0.0
2025-05-12,16030,16250,15960,16235,15058837,0.027531645569620178
2025-05-13,16395,16530,16255,16320,17102543,0.005235602094240788
2025-05-14,16610,16900,16545,16750,21846820,0.026348039215686292
2025-05-15,16660,16825,16460,16540,13668086,-0.012537313432835817
2025-05-16,16615,16715,16535,16635,11307074,0.005743651753325363
2025-05-19,16410,16485,16120,16230,14699314,-0.024346257889991008
2025-05-20,16480,16567,16270,16280,12363932,0.0030807147258162804
2025-05-21,16445,16685,16445,16515,11939704,0.014434889434889353
2025-05-22,16340,16360,16015,16080,12808964,-0.026339691189827374
2025-05-23,16160,16245,16090,16100,11129640,0.0012437810945273853
2025-05-26,16200,16650,16165,16625,11745546,0.032608695652173836
2025-05-27,16540,16750,16495,16705,13542062,0.004812030075187934
2025-05-28,16825,17485,16780,17180,25028363,0.028434600419036116
2025-05-29,17530,17875,17420,17865,22052196,0.03987194412107109
2025-05-30,17705,17825,17450,17475,13812577,-0.02183039462636438
2025-06-02,17375,17825,17315,17485,18218842,0.0005722460658081907
2025-06-04,17960,18490,17955,18455,21898692,0.05547612239062061
2025-06-05,18745,19490,18720,19125,29171889,0.03630452451910049
2025-06-09,19730,20015,19605,19750,25410193,0.03267973856209161
2025-06-10,19995,20205,19645,19955,26317112,0.01037974683544296
2025-06-11,20180,20530,20100,20500,23760125,0.02731145076421959
2025-06-12,20470,20840,20450,20575,20455300,0.003658536585365857
2025-06-13,20710,20760,19995,20190,27101608,-0.01871202916160386
2025-06-16,20390,20975,20070,20925,24213396,0.036404160475483005
2025-06-17,21075,21825,20770,21045,38523752,0.005734767025089571
2025-06-18,20720,21570,20645,21415,25757622,0.01758137324780229
2025-06-19,21680,21790,21120,21480,23060797,0.0030352556619193116
2025-06-20,21645,22090,21425,22065,30235345,0.0272346368715084
2025-06-23,21650,22080,21220,22010,25612253,-0.00249263539542266
2025-06-24,22755,23500,22735,23475,34507473,0.066560654248069
2025-06-25,23840,23950,23195,23630,29845530,0.0066027689030883074
2025-06-26,23580,23725,22580,23175,35473795,-0.019255184088023736
2025-06-27,23185,23455,22725,22915,27277255,-0.011218985976267581
2025-06-30,23205,23425,23000,23180,21939231,0.01156447741653932
2025-07-01,23400,24110,23310,23310,30196119,0.005608283002588532
2025-07-02,23215,23365,22530,23120,31324385,-0.00815100815100811
2025-07-03,23435,23840,23265,23835,25863127,0.03092560553633228
2025-07-04,24025,24030,22900,22900,28999918,-0.03922802601216702
2025-07-07,22625,23135,22460,22960,21927090,0.0026200873362445254
2025-07-08,23100,23880,23070,23830,28027068,0.03789198606271782
2025-07-09,23885,24065,23605,23940,21100693,0.004616030214015909
2025-07-10,24070,24615,23885,24595,25222092,0.02736006683375103
2025-07-11,24720,25330,24535,24625,32679977,0.0012197601138441705
2025-07-14,24470,25145,24470,25090,20570358,0.018883248730964475
2025-07-15,24925,25400,24755,25390,28292639,0.011956954962136335
2025-07-16,25220,25270,24755,24900,23484077,-0.019298936589208338
2025-07-17,25100,25115,24345,25030,31844153,0.005220883534136522
2025-07-18,25120,25285,24700,24970,25292602,-0.002397123451857719
2025-07-21,24905,25420,24905,25335,20101569,0.014617541049259053
2025-07-22,25325,25495,24410,24645,28917760,-0.027235050325636445
2025-07-23,24920,25090,24185,24830,30005210,0.0075065936295395375
2025-07-24,25170,25680,24730,24760,37741100,-0.002819170358437373
2025-07-25,24620,25090,24610,24880,19939512,0.004846526655896577
2025-07-28,25330,25460,24635,25135,25215698,0.010249196141479011
2025-07-29,24940,25555,24470,25465,31479770,0.013129102844638973
2025-07-30,25470,26235,25430,25905,27665542,0.017278617710583255
2025-07-31,26285,26500,25560,25765,28463407,-0.00540436209226014
2025-08-01,25025,25140,23635,23635,42359946,-0.0826702891519503
2025-08-04,23540,24350,23435,24230,25867899,0.02517452929976738
2025-08-05,24750,25150,24500,24880,25560146,0.026826248452331836
2025-08-06,24515,24850,24420,24825,17204174,-0.002210610932475876
2025-08-07,25135,25250,24795,25230,19907557,0.0163141993957705
2025-08-08,25290,25450,24970,25100,22130621,-0.005152596115735264
2025-08-11,25230,25300,24970,25100,15390970,0.0
2025-08-12,25155,25765,24920,24955,24501183,-0.0057768924302789015
2025-08-13,25435,25520,24965,25490,20212296,0.021438589461029833
2025-08-14,25605,25745,25250,25455,14796848,-0.0013730874852883046
2025-08-18,25155,25155,24660,24660,18560672,-0.03123158515026514
2025-08-19,24795,24845,24175,24285,18020877,-0.015206812652068136
2025-08-20,23825,24045,23260,24015,31743783,-0.011117974058060476
2025-08-21,24125,24515,24030,24115,16925780,0.004164064126587652
2025-08-22,24440,24770,24390,24540,18780333,0.017623885548413876
2025-08-25,24935,25135,24725,25115,15750728,0.023431132844335734
2025-08-26,24985,24985,24550,24670,20564197,-0.017718494923352535
2025-08-27,24700,24755,24360,24740,13838888,0.0028374543980542732
2025-08-28,24540,25210,24317,24985,15036611,0.009902991107518133
2025-08-29,25155,25235,24745,24765,14778415,-0.008805283169901923
2025-09-01,24315,24535,23830,23950,18985171,-0.03290934786997779
2025-09-02,24035,24525,24035,24470,16430535,0.02171189979123178
2025-09-03,24470,24775,24380,24710,14273382,0.00980792807519415
2025-09-04,24700,25080,24685,24895,18906272,0.0074868474301901244
2025-09-05,25070,25240,24900,25075,16686797,0.007230367543683558
2025-09-08,25160,25295,25030,25280,12344004,0.008175473579262293
2025-09-09,25420,25985,25270,25940,17137773,0.02610759493670889
2025-09-10,26120,27110,26110,27045,22069178,0.042598303777949154
2025-09-11,27355,27585,26975,27440,21438572,0.01460528748382317
2025-09-12,28100,28605,27895,28570,21605096,0.04118075801749277
2025-09-15,28950,29175,28560,28850,19494130,0.00980049002450123
2025-09-16,28980,29895,28900,29790,22740892,0.03258232235701897
2025-09-17,29480,29480,28905,29060,19016478,-0.02450486740516955
2025-09-18,29430,30120,29210,30070,19826192,0.034755677907777116
2025-09-19,30195,30335,29700,29850,18103497,-0.0073162620552045254
2025-09-22,30195,30770,30195,30440,21661031,0.019765494137353512
2025-09-23,30860,31080,30490,30920,20676221,0.01576872536136653
2025-09-24,30965,31160,30170,30730,20107912,-0.006144890038809803
2025-09-25,30400,30880,30300,30735,15695961,0.0001627074520011984
2025-09-26,30150,30150,28780,29205,32873534,-0.049780380673499214
2025-09-29,29665,30250,29610,30135,19551713,0.03184386235233694
2025-09-30,30120,30290,29845,29930,15846212,-0.006802721088435382
2025-10-01,30200,30685,30195,30575,17203652,0.021550283995990682
2025-10-02,32115,33050,31855,32460,22071806,0.06165167620605061
2025-10-10,33735,34375,33250,34070,20879739,0.04959950708564387
2025-10-13,32875,33390,32115,33390,24100179,-0.019958908130319974
2025-10-14,33780,34695,32205,32715,37336884,-0.020215633423180557
2025-10-15,33015,34610,32990,34585,21520983,0.05716032401039284
2025-10-16,34775,36355,34775,36355,27502667,0.05117825646956775
2025-10-17,36000,37590,35915,36560,28611558,0.00563883922431585
2025-10-20,37210,37955,36055,37955,29438722,0.03815645514223198
2025-10-21,38645,39685,37890,38095,29544585,0.0036885785798972393
2025-10-22,37825,38965,37120,38965,20568168,0.022837642735267005
2025-10-23,37785,39415,37540,38145,29522213,-0.02104452713974081
2025-10-24,39090,40270,38875,40100,27597779,0.05125180233320226
2025-10-27,41440,42355,41300,42355,26942443,0.056234413965087215
2025-10-28,41575,41730,40640,41515,29022566,-0.019832369259827676
2025-10-29,42475,43280,41390,43250,32102934,0.04179212332891735
2025-10-30,44055,44895,43235,43510,38600701,0.0060115606936417265
2025-10-31,43665,44605,43040,44535,26000803,0.023557802803953143
2025-11-03,44700,47300,44485,47300,29754499,0.06208599977545748
2025-11-04,47165,47415,44605,44605,35496208,-0.05697674418604648
2025-11-05,43115,43185,38845,42145,67235953,-0.055150767851137816
2025-11-06,44250,44465,41590,42640,40560986,0.01174516550005933
2025-11-07,41095,42840,39640,41060,43730120,-0.03705440900562851
2025-11-10,41920,44090,41655,43600,25575468,0.06186069167072583
2025-11-11,44800,46420,43600,44430,35605843,0.019036697247706513
2025-11-12,44175,45550,43855,45350,23935310,0.020706729687148373
2025-11-13,44730,46190,44620,45800,22013727,0.009922822491730932
2025-11-14,42960,43610,41715,41715,38248674,-0.08919213973799123
2025-11-17,43180,43615,42545,43480,23805215,0.042310919333573116
2025-11-18,42385,43165,40500,40585,28933194,-0.06658233670653169
2025-11-19,40775,40810,38450,40030,32734753,-0.013675003079955617
2025-11-20,42300,43030,41610,41795,28552710,0.044091931051711164
2025-11-21,38035,38880,37815,38230,37269113,-0.0852972843641584
2025-11-24,39315,39805,38075,38235,31975455,0.00013078733978555412
2025-11-25,40370,40595,38190,38700,32539330,0.012161632012553936
2025-11-26,39440,40845,38870,40845,23307553,0.055426356589147296
2025-11-27,41570,42400,41015,41405,25858382,0.01371036846615259
2025-11-28,41795,41835,40040,40225,20165364,-0.028498973553918616
2025-12-01,40920,41270,39310,40055,21533256,-0.004226227470478516
2025-12-02,40510,41820,40390,41635,18344803,0.03944576207714401
2025-12-03,41965,43015,41510,42600,23806735,0.02317761498739035
2025-12-04,42080,42330,41265,42330,17116633,-0.006338028169014076
2025-12-05,42115,43960,41745,43960,21921195,0.03850696905268136
2025-12-08,44470,45140,43455,45135,20453107,0.026728844404003693
2025-12-09,44780,45175,44275,44625,16898996,-0.011299435028248594
2025-12-10,44935,45540,44410,44620,18822075,-0.00011204481792714827
2025-12-11,45290,45555,43800,43800,18252024,-0.018377409233527597
2025-12-12,44160,45180,43905,45065,15931218,0.028881278538812838
2025-12-15,42830,43720,42565,43005,19112616,-0.04571174969488512
2025-12-16,42825,43175,41030,41080,23184926,-0.0447622369491919
2025-12-17,41470,42725,41000,42690,20775343,0.03919182083739048
2025-12-18,41320,42320,41025,41675,23030957,-0.023776059967205443
2025-12-19,42990,43170,41730,42100,19702092,0.010197960407918316
